{
  "project_info": {
    "project_number": "545380083914",
    "firebase_url": "https://carsensor1test.firebaseio.com",
    "project_id": "carsensor1test",
    "storage_bucket": "carsensor1test.appspot.com"
  },
  "client": [
    {
      "client_info": {
        "mobilesdk_app_id": "1:545380083914:android:768f49bde82815445dec33",
        "android_client_info": {
          "package_name": "com.example.carsensor1"
        }
      },
      "oauth_client": [
        {
          "client_id": "545380083914-vssfvpjmcgo9o77p4qr9h0hb73nfgqjs.apps.googleusercontent.com",
          "client_type": 1,
          "android_info": {
            "package_name": "com.example.carsensor1",
            "certificate_hash": "ae4a5a96a2474043857400f05b40accaaf539c42"
          }
        },
        {
          "client_id": "545380083914-vm42867eon9it3ab1ga0n0f9br9mtdm0.apps.googleusercontent.com",
          "client_type": 3
        }
      ],
      "api_key": [
        {
          "current_key": "AIzaSyC34ngWOwnX665R6AcS0JlHe1K3sOEZcuQ"
        }
      ],
      "services": {
        "appinvite_service": {
          "other_platform_oauth_client": [
            {
              "client_id": "545380083914-vm42867eon9it3ab1ga0n0f9br9mtdm0.apps.googleusercontent.com",
              "client_type": 3
            }
          ]
        }
      }
    }
  ],
  "configuration_version": "1"
}